gene._id,gene.bnumber,gene.name
RDBECOLIGNC00009,b0006,yaaA
RDBECOLIGNC01507,b0007,yaaJ
RDBECOLIGNC01508,b0008,talB
RDBECOLIGNC01466,b0009,mogA
RDBECOLIGNC01467,b0010,satP
RDBECOLIGNC02978,b0011,yaaW
RDBECOLIGNC01464,b0012,mbiA
RDBECOLIGNC04695,b0013,yaaI
RDBECOLIGNC00235,b0014,dnaK
RDBECOLIGNC00234,b0015,dnaJ
RDBECOLIGNC02979,b0016,insL1
RDBECOLIGNC00366,b0018,mokC
RDBECOLIGNC02981,b0021,insB1
RDBECOLIGNC02982,b0022,insA1
RDBECOLIGNC02983,b0024,yaaY
RDBECOLIGNC01066,b0025,ribF
RDBECOLIGNC00485,b0026,ileS
RDBECOLIGNC00540,b0027,lspA
RDBECOLIGNC01067,b0028,fkpB
RDBECOLIGNC01068,b0029,ispH
RDBECOLIGNC01069,b0030,rihC
RDBECOLIGNC01519,b0046,kefF
RDBECOLIGNC00513,b0047,kefC
RDBECOLIGNC01521,b0055,djlA
RDBECOLIGNC02327,b0056,yabP
RDBECOLIGNC02326,b0058,rluA
RDBECOLIGNC01070,b0059,rapA
RDBECOLIGNC01522,b0065,yabI
RDBECOLIGNC01074,b0097,secM
RDBECOLIGNC00924,b0098,secA
RDBECOLIGNC00618,b0099,mutT
RDBECOLIGNC02186,b0101,yacG
RDBECOLIGNC02185,b0102,zapD
RDBECOLIGNC02184,b0103,coaE
RDBECOLIGNC00415,b0104,guaC
RDBECOLIGNC00950,b0120,speD
RDBECOLIGNC00951,b0121,speE
RDBECOLIGNC01076,b0122,yacC
RDBECOLIGNC02191,b0127,yadG
RDBECOLIGNC02192,b0128,yadH
RDBECOLIGNC02193,b0129,yadI
RDBECOLIGNC01685,b0130,yadE
RDBECOLIGNC01683,b0131,panD
RDBECOLIGNC01684,b0132,rpnC
RDBECOLIGNC01682,b0133,panC
RDBECOLIGNC01616,b0134,panB
RDBECOLIGNC02195,b0136,yadK
RDBECOLIGNC02196,b0137,yadL
RDBECOLIGNC02200,b0147,thpR
RDBECOLIGNC02199,b0148,hrpB
RDBECOLIGNC00597,b0149,mrcB
RDBECOLIGNC02201,b0155,clcA
RDBECOLIGNC02203,b0157,yadS
RDBECOLIGNC02204,b0158,btuF
RDBECOLIGNC02206,b0163,yaeH
RDBECOLIGNC02207,b0164,yaeI
RDBECOLIGNC00891,b0169,rpsB
RDBECOLIGNC01021,b0170,tsf
RDBECOLIGNC01492,b0171,pyrH
RDBECOLIGNC00329,b0172,frr
RDBECOLIGNC02366,b0173,dxr
RDBECOLIGNC02988,b0174,ispU
RDBECOLIGNC00135,b0175,cdsA
RDBECOLIGNC02285,b0176,rseP
RDBECOLIGNC02991,b0187,yaeR
RDBECOLIGNC02992,b0188,tilS
RDBECOLIGNC00760,b0194,proS
RDBECOLIGNC01458,b0195,trmO
RDBECOLIGNC01457,b0196,rcsF
RDBECOLIGNC01673,b0200,gmhB
RDBECOLIGNC02462,b0206,aspU
RDBECOLIGNC02995,b0212,gloB
RDBECOLIGNC02996,b0213,yafS
RDBECOLIGNC00850,b0214,rnhA
RDBECOLIGNC00237,b0215,dnaQ
RDBECOLIGNC02997,b0217,yafT
RDBECOLIGNC02998,b0218,yafU
RDBECOLIGNC03003,b0223,yafJ
RDBECOLIGNC03008,b0228,rayT
RDBECOLIGNC03009,b0229,lfhA
RDBECOLIGNC03010,b0230,lafU
RDBECOLIGNC03015,b0235,ykfJ
RDBECOLIGNC01451,b0236,prfH
RDBECOLIGNC01078,b0239,frsA
RDBECOLIGNC01079,b0240,crl
RDBECOLIGNC00758,b0242,proB
RDBECOLIGNC00757,b0243,proA
RDBECOLIGNC03016,b0245,ykfI
RDBECOLIGNC03017,b0246,yafW
RDBECOLIGNC03018,b0247,ykfG
RDBECOLIGNC03019,b0248,yafX
RDBECOLIGNC03020,b0249,ykfF
RDBECOLIGNC03021,b0250,ykfB
RDBECOLIGNC03022,b0251,yafY
RDBECOLIGNC03023,b0252,yafZ
RDBECOLIGNC03024,b0253,ykfA
RDBECOLIGNC03025,b0254,perR
RDBECOLIGNC03027,b0256,insI1
RDBECOLIGNC03028,b0258,ykfC
RDBECOLIGNC03029,b0259,insH1
RDBECOLIGNC03030,b0260,mmuP
RDBECOLIGNC03031,b0261,mmuM
RDBECOLIGNC02210,b0262,afuC
RDBECOLIGNC03032,b0263,afuB
RDBECOLIGNC03033,b0264,insB2
RDBECOLIGNC03034,b0265,insA2
RDBECOLIGNC03037,b0270,yagG
RDBECOLIGNC03038,b0271,yagH
RDBECOLIGNC03040,b0274,insB3
RDBECOLIGNC03041,b0275,insA3
RDBECOLIGNC03042,b0276,yagJ
RDBECOLIGNC03044,b0278,yagL
RDBECOLIGNC03045,b0279,yagM
RDBECOLIGNC03046,b0280,yagN
RDBECOLIGNC03047,b0281,intF
RDBECOLIGNC03048,b0282,yagP
RDBECOLIGNC03049,b0283,paoD
RDBECOLIGNC03050,b0284,paoC
RDBECOLIGNC03051,b0285,paoB
RDBECOLIGNC03052,b0286,paoA
RDBECOLIGNC03054,b0288,ykgJ
RDBECOLIGNC03055,b0289,ecpE
RDBECOLIGNC03056,b0290,ecpD
RDBECOLIGNC03057,b0291,ecpC
RDBECOLIGNC03058,b0292,ecpB
RDBECOLIGNC02052,b0297,eaeH
RDBECOLIGNC03063,b0298,insE1
RDBECOLIGNC03064,b0299,insF1
RDBECOLIGNC03069,b0305,rclR
RDBECOLIGNC03071,b0307,ykgF
RDBECOLIGNC03072,b0308,ykgG
RDBECOLIGNC03075,b0316,yahB
RDBECOLIGNC03076,b0317,yahC
RDBECOLIGNC03077,b0318,yahD
RDBECOLIGNC03078,b0319,yahE
RDBECOLIGNC03079,b0320,yahF
RDBECOLIGNC03080,b0321,yahG
RDBECOLIGNC02633,b0322,yahH
RDBECOLIGNC03081,b0323,yahI
RDBECOLIGNC03082,b0324,yahJ
RDBECOLIGNC03083,b0325,yahK
RDBECOLIGNC03084,b0326,yahL
RDBECOLIGNC03085,b0327,yahM
RDBECOLIGNC03087,b0329,yahO
RDBECOLIGNC03096,b0354,yaiL
RDBECOLIGNC03099,b0358,yaiO
RDBECOLIGNC03100,b0360,insC1
RDBECOLIGNC03101,b0361,insD1
RDBECOLIGNC03103,b0363,yaiP
RDBECOLIGNC03110,b0372,insF2
RDBECOLIGNC03111,b0373,insE2
RDBECOLIGNC03112,b0375,iprA
RDBECOLIGNC00759,b0386,proC
RDBECOLIGNC03116,b0387,yaiI
RDBECOLIGNC02051,b0391,ppnP
RDBECOLIGNC02050,b0393,rdgC
RDBECOLIGNC01260,b0394,mak
RDBECOLIGNC03118,b0402,proY
RDBECOLIGNC01082,b0404,acpH
RDBECOLIGNC00984,b0406,tgt
RDBECOLIGNC01083,b0407,yajC
RDBECOLIGNC00926,b0408,secD
RDBECOLIGNC00928,b0409,secF
RDBECOLIGNC02408,b0412,yajI
RDBECOLIGNC01290,b0413,nrdR
RDBECOLIGNC01291,b0414,ribD
RDBECOLIGNC00695,b0418,pgpA
RDBECOLIGNC03121,b0420,dxs
RDBECOLIGNC00500,b0421,ispA
RDBECOLIGNC01085,b0422,xseB
RDBECOLIGNC03122,b0423,thiI
RDBECOLIGNC02950,b0424,yajL
RDBECOLIGNC03123,b0425,panE
RDBECOLIGNC03124,b0426,yajQ
RDBECOLIGNC03125,b0427,yajR
RDBECOLIGNC02071,b0433,ampG
RDBECOLIGNC02070,b0434,yajG
RDBECOLIGNC00991,b0436,tig
RDBECOLIGNC03127,b0442,ybaV
RDBECOLIGNC03129,b0444,queC
RDBECOLIGNC02426,b0445,ybaE
RDBECOLIGNC03130,b0446,cof
RDBECOLIGNC03132,b0448,mdlA
RDBECOLIGNC01568,b0449,mdlB
RDBECOLIGNC00983,b0452,tesB
RDBECOLIGNC03133,b0453,ybaY
RDBECOLIGNC03134,b0454,ybaZ
RDBECOLIGNC02464,b0455,ffs
RDBECOLIGNC01086,b0456,ybaA
RDBECOLIGNC03136,b0458,ylaC
RDBECOLIGNC02975,b0459,maa
RDBECOLIGNC02385,b0466,ybaM
RDBECOLIGNC00239,b0470,dnaX
RDBECOLIGNC01087,b0471,ybaB
RDBECOLIGNC00824,b0472,recR
RDBECOLIGNC01088,b0476,aes
RDBECOLIGNC01089,b0477,gsk
RDBECOLIGNC03138,b0479,fsr
RDBECOLIGNC01048,b0480,ushA
RDBECOLIGNC02298,b0481,ybaK
RDBECOLIGNC03139,b0482,ybaP
RDBECOLIGNC03140,b0483,ybaQ
RDBECOLIGNC03144,b0487,cueR
RDBECOLIGNC03145,b0488,ybbJ
RDBECOLIGNC03147,b0490,fetA
RDBECOLIGNC03148,b0491,fetB
RDBECOLIGNC03149,b0492,cnoX
RDBECOLIGNC03150,b0493,ybbO
RDBECOLIGNC01495,b0494,tesA
RDBECOLIGNC01598,b0495,ybbA
RDBECOLIGNC03151,b0496,ybbP
RDBECOLIGNC03152,b0499,ylbH
RDBECOLIGNC01704,b0501,ybbD
RDBECOLIGNC03153,b0502,ylbG
RDBECOLIGNC01702,b0503,selU
RDBECOLIGNC03166,b0518,allF
RDBECOLIGNC03168,b0520,allH
RDBECOLIGNC02244,b0521,allK
RDBECOLIGNC02361,b0527,ybcI
RDBECOLIGNC02413,b0528,ybcJ
RDBECOLIGNC00322,b0529,folD
RDBECOLIGNC03172,b0533,sfmH
RDBECOLIGNC02248,b0534,sfmF
RDBECOLIGNC01090,b0535,fimZ
RDBECOLIGNC03174,b0539,exoD
RDBECOLIGNC03175,b0540,insE3
RDBECOLIGNC03176,b0541,insF3
RDBECOLIGNC03177,b0542,renD
RDBECOLIGNC00621,b0543,emrE
RDBECOLIGNC03179,b0545,ybcL
RDBECOLIGNC03180,b0546,ybcM
RDBECOLIGNC03181,b0547,ybcN
RDBECOLIGNC03182,b0548,ninE
RDBECOLIGNC03183,b0549,ybcO
RDBECOLIGNC03184,b0550,rusA
RDBECOLIGNC03185,b0551,quuD
RDBECOLIGNC03186,b0552,insH2
RDBECOLIGNC03187,b0554,essD
RDBECOLIGNC03188,b0555,rrrD
RDBECOLIGNC03189,b0556,rzpD
RDBECOLIGNC01580,b0560,nohD
RDBECOLIGNC03193,b0561,tfaD
RDBECOLIGNC03194,b0562,ybcY
RDBECOLIGNC03195,b0563,tfaX
RDBECOLIGNC02295,b0567,ybcH
RDBECOLIGNC01677,b0568,nfrA
RDBECOLIGNC00699,b0576,pheP
RDBECOLIGNC03203,b0580,ybdJ
RDBECOLIGNC03205,b0582,insL2
RDBECOLIGNC02352,b0599,hcxA
RDBECOLIGNC03214,b0610,rnk
RDBECOLIGNC00846,b0611,rna
RDBECOLIGNC03215,b0612,citT
RDBECOLIGNC02091,b0624,crcB
RDBECOLIGNC01277,b0627,tatE
RDBECOLIGNC01541,b0629,ybeF
RDBECOLIGNC01539,b0630,lipB
RDBECOLIGNC01540,b0631,ybeD
RDBECOLIGNC00195,b0632,dacA
RDBECOLIGNC00844,b0633,rlpA
RDBECOLIGNC00599,b0634,mrdB
RDBECOLIGNC01228,b0636,rlmH
RDBECOLIGNC01229,b0637,rsfS
RDBECOLIGNC03225,b0638,cobC
RDBECOLIGNC01377,b0640,holA
RDBECOLIGNC00845,b0641,lptE
RDBECOLIGNC00524,b0642,leuS
RDBECOLIGNC02395,b0643,ybeL
RDBECOLIGNC03229,b0646,djlB
RDBECOLIGNC03232,b0649,djlC
RDBECOLIGNC03233,b0650,hscC
RDBECOLIGNC00164,b0657,lnt
RDBECOLIGNC03238,b0659,ybeY
RDBECOLIGNC03239,b0660,ybeZ
RDBECOLIGNC03240,b0661,miaB
RDBECOLIGNC03241,b0662,ubiF
RDBECOLIGNC00383,b0680,glnS
RDBECOLIGNC01708,b0686,ybfF
RDBECOLIGNC03244,b0689,ybfP
RDBECOLIGNC01709,b0691,ybfG
RDBECOLIGNC00509,b0694,kdpE
RDBECOLIGNC00508,b0695,kdpD
RDBECOLIGNC00838,b0700,rhsC
RDBECOLIGNC01475,b0702,ybfB
RDBECOLIGNC03245,b0703,ybfO
RDBECOLIGNC03246,b0705,ybfL
RDBECOLIGNC01477,b0706,ybfD
RDBECOLIGNC03247,b0709,dtpD
RDBECOLIGNC03248,b0710,ybgI
RDBECOLIGNC03249,b0711,pxpB
RDBECOLIGNC03250,b0712,pxpC
RDBECOLIGNC03251,b0713,pxpA
RDBECOLIGNC03252,b0714,nei
RDBECOLIGNC03253,b0715,abrB
RDBECOLIGNC03254,b0716,ybgO
RDBECOLIGNC03255,b0717,ybgP
RDBECOLIGNC03256,b0718,ybgQ
RDBECOLIGNC00998,b0737,tolQ
RDBECOLIGNC00999,b0738,tolR
RDBECOLIGNC00995,b0739,tolA
RDBECOLIGNC03258,b0746,valZ
RDBECOLIGNC03259,b0747,lysY
RDBECOLIGNC03260,b0748,lysZ
RDBECOLIGNC03261,b0749,lysQ
RDBECOLIGNC01618,b0760,modF
RDBECOLIGNC03264,b0761,modE
RDBECOLIGNC01216,b0766,ybhA
RDBECOLIGNC03270,b0771,ybhJ
RDBECOLIGNC02409,b0772,ybhC
RDBECOLIGNC01215,b0773,ybhB
RDBECOLIGNC03271,b0780,ybhK
RDBECOLIGNC03274,b0788,ybhN
RDBECOLIGNC03275,b0789,clsB
RDBECOLIGNC03276,b0790,ybhP
RDBECOLIGNC01530,b0798,ybiA
RDBECOLIGNC01532,b0801,hcxB
RDBECOLIGNC03287,b0815,opgE
RDBECOLIGNC03289,b0817,mntR
RDBECOLIGNC03290,b0818,ybiR
RDBECOLIGNC03294,b0822,ybiV
RDBECOLIGNC03295,b0823,ybiW
RDBECOLIGNC03297,b0825,fsaA
RDBECOLIGNC03298,b0829,gsiA
RDBECOLIGNC03299,b0830,gsiB
RDBECOLIGNC03300,b0831,gsiC
RDBECOLIGNC03301,b0832,gsiD
RDBECOLIGNC03303,b0834,dgcI
RDBECOLIGNC03306,b0837,yliI
RDBECOLIGNC03307,b0838,gstB
RDBECOLIGNC00217,b0840,deoR
RDBECOLIGNC03309,b0842,mdfA
RDBECOLIGNC03310,b0843,ybjH
RDBECOLIGNC03314,b0847,ybjL
RDBECOLIGNC03315,b0848,ybjM
RDBECOLIGNC03317,b0858,ybjO
RDBECOLIGNC03318,b0859,rlmC
RDBECOLIGNC03321,b0867,amiD
RDBECOLIGNC02430,b0875,aqpZ
RDBECOLIGNC03328,b0876,ybjD
RDBECOLIGNC03331,b0879,macB
RDBECOLIGNC00152,b0882,clpA
RDBECOLIGNC02533,b0883,serW
RDBECOLIGNC01097,b0885,aat
RDBECOLIGNC00025,b0902,pflA
RDBECOLIGNC03337,b0905,ycaO
RDBECOLIGNC03338,b0906,ycaP
RDBECOLIGNC03339,b0909,ycaL
RDBECOLIGNC02238,b0913,ycaI
RDBECOLIGNC01374,b0915,lpxK
RDBECOLIGNC03340,b0916,ycaQ
RDBECOLIGNC03341,b0917,ycaR
RDBECOLIGNC00511,b0918,kdsB
RDBECOLIGNC03342,b0919,ycbJ
RDBECOLIGNC02057,b0920,elyC
RDBECOLIGNC03343,b0926,mepK
RDBECOLIGNC03344,b0927,gloC
RDBECOLIGNC00090,b0930,asnS
RDBECOLIGNC03350,b0939,elfD
RDBECOLIGNC02255,b0944,ycbF
RDBECOLIGNC03355,b0946,zapC
RDBECOLIGNC03356,b0947,ycbX
RDBECOLIGNC03357,b0948,rlmL
RDBECOLIGNC03358,b0949,uup
RDBECOLIGNC03362,b0955,ycbZ
RDBECOLIGNC02398,b0956,matP
RDBECOLIGNC03364,b0960,yccS
RDBECOLIGNC03365,b0961,yccF
RDBECOLIGNC00419,b0962,helD
RDBECOLIGNC03366,b0963,mgsA
RDBECOLIGNC03370,b0967,rlmI
RDBECOLIGNC03371,b0968,yccX
RDBECOLIGNC02410,b0969,tusE
RDBECOLIGNC01755,b0981,etk
RDBECOLIGNC03372,b0982,etp
RDBECOLIGNC03373,b0983,gfcE
RDBECOLIGNC03374,b0984,gfcD
RDBECOLIGNC03375,b0985,gfcC
RDBECOLIGNC03376,b0986,gfcB
RDBECOLIGNC03378,b0988,insB4
RDBECOLIGNC03379,b0989,cspH
RDBECOLIGNC03380,b0990,cspG
RDBECOLIGNC03381,b0991,ymcE
RDBECOLIGNC03383,b0993,torS
RDBECOLIGNC02080,b1001,yccE
RDBECOLIGNC03400,b1026,insF4
RDBECOLIGNC03401,b1027,insE4
RDBECOLIGNC03402,b1028,ymdE
RDBECOLIGNC03403,b1029,ycdU
RDBECOLIGNC03404,b1033,ghrA
RDBECOLIGNC03405,b1034,ycdX
RDBECOLIGNC03406,b1035,ycdY
RDBECOLIGNC03417,b1047,opgC
RDBECOLIGNC01812,b1048,opgG
RDBECOLIGNC01813,b1049,opgH
RDBECOLIGNC02349,b1050,yceK
RDBECOLIGNC01308,b1051,msyB
RDBECOLIGNC01749,b1056,yceI
RDBECOLIGNC03419,b1057,yceJ
RDBECOLIGNC03420,b1058,yceO
RDBECOLIGNC03421,b1059,solA
RDBECOLIGNC03424,b1065,mdtH
RDBECOLIGNC00841,b1066,rimJ
RDBECOLIGNC01490,b1067,yceH
RDBECOLIGNC03425,b1068,yceM
RDBECOLIGNC03426,b1069,murJ
RDBECOLIGNC01890,b1082,flgK
RDBECOLIGNC00849,b1084,rne
RDBECOLIGNC03428,b1085,yceQ
RDBECOLIGNC01101,b1086,rluC
RDBECOLIGNC01401,b1087,yceF
RDBECOLIGNC01449,b1097,mltG
RDBECOLIGNC02176,b1098,tmk
RDBECOLIGNC01455,b1099,holB
RDBECOLIGNC02177,b1100,ycfH
RDBECOLIGNC03429,b1104,ycfL
RDBECOLIGNC03430,b1105,lpoB
RDBECOLIGNC03431,b1106,thiK
RDBECOLIGNC03432,b1107,nagZ
RDBECOLIGNC03433,b1108,ycfP
RDBECOLIGNC01565,b1114,mfd
RDBECOLIGNC03437,b1115,ycfT
RDBECOLIGNC03439,b1117,lolD
RDBECOLIGNC03440,b1118,lolE
RDBECOLIGNC03441,b1119,nagK
RDBECOLIGNC03442,b1120,cobB
RDBECOLIGNC03443,b1121,ycfZ
RDBECOLIGNC03444,b1122,ymfA
RDBECOLIGNC00742,b1123,potD
RDBECOLIGNC00741,b1124,potC
RDBECOLIGNC00740,b1125,potB
RDBECOLIGNC00739,b1126,potA
RDBECOLIGNC01393,b1128,roxA
RDBECOLIGNC03445,b1134,nudJ
RDBECOLIGNC03447,b1137,ymfD
RDBECOLIGNC03448,b1138,ymfE
RDBECOLIGNC00527,b1139,lit
RDBECOLIGNC02233,b1140,intE
RDBECOLIGNC03449,b1141,xisE
RDBECOLIGNC03450,b1142,ymfH
RDBECOLIGNC03451,b1143,ymfI
RDBECOLIGNC03452,b1144,ymfJ
RDBECOLIGNC03453,b1145,ymfK
RDBECOLIGNC03454,b1146,ymfT
RDBECOLIGNC03455,b1147,ymfL
RDBECOLIGNC03456,b1148,ymfM
RDBECOLIGNC03457,b1149,ymfN
RDBECOLIGNC03458,b1150,ymfR
RDBECOLIGNC03459,b1151,beeE
RDBECOLIGNC03460,b1152,jayE
RDBECOLIGNC03461,b1153,ymfQ
RDBECOLIGNC02411,b1154,ycfK
RDBECOLIGNC03462,b1155,tfaP
RDBECOLIGNC01103,b1156,tfaE
RDBECOLIGNC03463,b1157,stfE
RDBECOLIGNC00727,b1158,pinE
RDBECOLIGNC00565,b1159,mcrA
RDBECOLIGNC03474,b1171,ymgD
RDBECOLIGNC03475,b1172,ymgG
RDBECOLIGNC00590,b1174,minE
RDBECOLIGNC00589,b1175,minD
RDBECOLIGNC00588,b1176,minC
RDBECOLIGNC03478,b1179,ycgL
RDBECOLIGNC03479,b1180,ycgM
RDBECOLIGNC03480,b1181,ycgN
RDBECOLIGNC01358,b1186,nhaB
RDBECOLIGNC03482,b1191,cvrA
RDBECOLIGNC03483,b1192,ldcA
RDBECOLIGNC03484,b1193,emtA
RDBECOLIGNC03486,b1195,ymgE
RDBECOLIGNC02261,b1219,ychN
RDBECOLIGNC03493,b1228,ychS
RDBECOLIGNC01748,b1232,purU
RDBECOLIGNC02017,b1233,ychJ
RDBECOLIGNC02018,b1234,rssA
RDBECOLIGNC01289,b1236,galU
RDBECOLIGNC00982,b1238,tdk
RDBECOLIGNC01555,b1249,clsA
RDBECOLIGNC01553,b1250,kch
RDBECOLIGNC01104,b1253,yciA
RDBECOLIGNC01105,b1254,yciB
RDBECOLIGNC01106,b1255,yciC
RDBECOLIGNC03496,b1266,rnm
RDBECOLIGNC03497,b1267,yciO
RDBECOLIGNC03498,b1268,yciQ
RDBECOLIGNC02283,b1269,rluB
RDBECOLIGNC00126,b1270,btuR
RDBECOLIGNC01693,b1271,yciK
RDBECOLIGNC00696,b1278,pgpB
RDBECOLIGNC03499,b1279,lapA
RDBECOLIGNC02351,b1280,lapB
RDBECOLIGNC00799,b1281,pyrF
RDBECOLIGNC01111,b1282,yciH
RDBECOLIGNC01566,b1286,rnb
RDBECOLIGNC03503,b1289,ycjD
RDBECOLIGNC02179,b1290,sapF
RDBECOLIGNC02178,b1291,sapD
RDBECOLIGNC02952,b1292,sapC
RDBECOLIGNC02953,b1293,sapB
RDBECOLIGNC02954,b1294,sapA
RDBECOLIGNC03520,b1320,ycjW
RDBECOLIGNC03526,b1328,pgrR
RDBECOLIGNC03528,b1330,ynaI
RDBECOLIGNC03529,b1331,insH4
RDBECOLIGNC03534,b1340,smrA
RDBECOLIGNC03536,b1342,zntB
RDBECOLIGNC00204,b1343,dbpA
RDBECOLIGNC03537,b1344,ttcA
RDBECOLIGNC03538,b1345,intR
RDBECOLIGNC03539,b1346,xisR
RDBECOLIGNC01827,b1347,rcbA
RDBECOLIGNC01826,b1348,ralR
RDBECOLIGNC01825,b1349,recT
RDBECOLIGNC00817,b1350,recE
RDBECOLIGNC00803,b1351,racC
RDBECOLIGNC02049,b1352,kilR
RDBECOLIGNC02048,b1353,sieB
RDBECOLIGNC03541,b1355,ydaG
RDBECOLIGNC03542,b1356,racR
RDBECOLIGNC01008,b1363,trkG
RDBECOLIGNC03551,b1366,ydaY
RDBECOLIGNC03553,b1368,ynaA
RDBECOLIGNC03555,b1370,insH5
RDBECOLIGNC03564,b1381,ydbH
RDBECOLIGNC03565,b1382,ynbE
RDBECOLIGNC03566,b1383,ydbL
RDBECOLIGNC03583,b1402,insD2
RDBECOLIGNC03584,b1403,insC2
RDBECOLIGNC03585,b1404,insI2
RDBECOLIGNC01279,b1406,pdxI
RDBECOLIGNC03590,b1412,azoR
RDBECOLIGNC03591,b1413,hrpA
RDBECOLIGNC00167,b1418,cybB
RDBECOLIGNC01197,b1419,ydcA
RDBECOLIGNC03594,b1423,ydcJ
RDBECOLIGNC02400,b1424,opgD
RDBECOLIGNC02403,b1426,ydcH
RDBECOLIGNC00843,b1427,rimL
RDBECOLIGNC03598,b1432,insQ
RDBECOLIGNC03601,b1435,rlhA
RDBECOLIGNC03602,b1436,yncJ
RDBECOLIGNC03605,b1439,ydcR
RDBECOLIGNC03614,b1448,mnaT
RDBECOLIGNC03620,b1454,yncG
RDBECOLIGNC03621,b1455,yncH
RDBECOLIGNC00008,b1456,rhsE
RDBECOLIGNC01694,b1457,ydcD
RDBECOLIGNC03622,b1459,yncI
RDBECOLIGNC01695,b1461,pptA
RDBECOLIGNC03623,b1462,yddH
RDBECOLIGNC03624,b1463,nhoA
RDBECOLIGNC01754,b1464,yddE
RDBECOLIGNC03625,b1470,yddJ
RDBECOLIGNC03626,b1471,yddK
RDBECOLIGNC03627,b1472,yddL
RDBECOLIGNC03628,b1477,yddM
RDBECOLIGNC00936,b1479,maeA
RDBECOLIGNC03637,b1489,dosP
RDBECOLIGNC03639,b1491,digH
RDBECOLIGNC01681,b1494,pqqL
RDBECOLIGNC03647,b1503,ydeR
RDBECOLIGNC03648,b1504,ydeS
RDBECOLIGNC03649,b1505,ydeT
RDBECOLIGNC03650,b1506,yneL
RDBECOLIGNC03660,b1520,yneE
RDBECOLIGNC03661,b1522,dgcF
RDBECOLIGNC03665,b1526,ptrR
RDBECOLIGNC01582,b1529,marC
RDBECOLIGNC02215,b1539,ydfG
RDBECOLIGNC03670,b1543,ydfJ
RDBECOLIGNC03676,b1550,gnsB
RDBECOLIGNC03677,b1551,ynfN
RDBECOLIGNC03679,b1553,rzpQ
RDBECOLIGNC03680,b1554,rrrQ
RDBECOLIGNC03682,b1556,essQ
RDBECOLIGNC02088,b1558,cspF
RDBECOLIGNC03683,b1559,ydfT
RDBECOLIGNC03684,b1560,ydfU
RDBECOLIGNC01112,b1561,rem
RDBECOLIGNC03685,b1565,ydfV
RDBECOLIGNC03696,b1585,ynfC
RDBECOLIGNC03703,b1592,clcB
RDBECOLIGNC03706,b1595,ynfL
RDBECOLIGNC03707,b1596,ynfM
RDBECOLIGNC03709,b1598,ydgD
RDBECOLIGNC03715,b1606,folM
RDBECOLIGNC01026,b1610,tus
RDBECOLIGNC03718,b1614,ydgA
RDBECOLIGNC00418,b1619,hdhA
RDBECOLIGNC03721,b1624,ydgJ
RDBECOLIGNC03722,b1625,cnu
RDBECOLIGNC03732,b1636,pdxY
RDBECOLIGNC01031,b1637,tyrS
RDBECOLIGNC01442,b1638,pdxH
RDBECOLIGNC01443,b1639,mliC
RDBECOLIGNC03733,b1640,anmK
RDBECOLIGNC03736,b1643,ydhI
RDBECOLIGNC03737,b1644,ydhJ
RDBECOLIGNC03738,b1645,ydhK
RDBECOLIGNC03740,b1647,ydhF
RDBECOLIGNC03741,b1648,ydhL
RDBECOLIGNC01500,b1652,rnt
RDBECOLIGNC01501,b1653,lhr
RDBECOLIGNC03746,b1657,ydhP
RDBECOLIGNC02036,b1659,punR
RDBECOLIGNC01371,b1662,ribC
RDBECOLIGNC02257,b1663,mdtK
RDBECOLIGNC02548,b1665,valV
RDBECOLIGNC02549,b1666,valW
RDBECOLIGNC03748,b1667,ydhR
RDBECOLIGNC03757,b1678,ldtE
RDBECOLIGNC03763,b1685,ydiH
RDBECOLIGNC03764,b1686,menI
RDBECOLIGNC03765,b1687,ydiJ
RDBECOLIGNC03766,b1688,ydiK
RDBECOLIGNC03769,b1691,ydiN
RDBECOLIGNC02282,b1694,ydiF
RDBECOLIGNC03772,b1697,ydiQ
RDBECOLIGNC03773,b1698,ydiR
RDBECOLIGNC03774,b1699,ydiS
RDBECOLIGNC03775,b1700,ydiT
RDBECOLIGNC02220,b1701,fadK
RDBECOLIGNC01116,b1708,nlpC
RDBECOLIGNC00124,b1709,btuD
RDBECOLIGNC00123,b1711,btuC
RDBECOLIGNC03780,b1724,ydiZ
RDBECOLIGNC03781,b1725,yniA
RDBECOLIGNC03786,b1730,ydjO
RDBECOLIGNC03787,b1731,cedA
RDBECOLIGNC00655,b1740,nadE
RDBECOLIGNC03789,b1742,ves
RDBECOLIGNC03796,b1750,ydjX
RDBECOLIGNC03797,b1751,ydjY
RDBECOLIGNC03798,b1752,ydjZ
RDBECOLIGNC03799,b1753,ynjA
RDBECOLIGNC03800,b1754,ynjB
RDBECOLIGNC03801,b1755,ynjC
RDBECOLIGNC03802,b1756,ynjD
RDBECOLIGNC03803,b1757,ynjE
RDBECOLIGNC01002,b1763,topB
RDBECOLIGNC00931,b1764,selD
RDBECOLIGNC01117,b1765,ydjA
RDBECOLIGNC00956,b1766,sppA
RDBECOLIGNC00041,b1767,ansA
RDBECOLIGNC01118,b1768,pncA
RDBECOLIGNC02232,b1769,ydjE
RDBECOLIGNC03808,b1770,ydjF
RDBECOLIGNC03809,b1771,ydjG
RDBECOLIGNC03810,b1772,ydjH
RDBECOLIGNC03811,b1773,ydjI
RDBECOLIGNC03812,b1774,ydjJ
RDBECOLIGNC03813,b1775,ydjK
RDBECOLIGNC03814,b1776,ydjL
RDBECOLIGNC03823,b1787,yeaK
RDBECOLIGNC03825,b1789,yeaL
RDBECOLIGNC03828,b1792,yeaO
RDBECOLIGNC03829,b1793,yoaF
RDBECOLIGNC03830,b1794,dgcP
RDBECOLIGNC03831,b1795,yeaQ
RDBECOLIGNC03835,b1799,dmlR
RDBECOLIGNC03836,b1800,dmlA
RDBECOLIGNC03837,b1801,yeaV
RDBECOLIGNC03838,b1802,yeaW
RDBECOLIGNC03839,b1803,yeaX
RDBECOLIGNC00848,b1804,rnd
RDBECOLIGNC03840,b1806,yeaY
RDBECOLIGNC03841,b1807,tsaB
RDBECOLIGNC03843,b1809,yoaB
RDBECOLIGNC02353,b1813,nudL
RDBECOLIGNC03846,b1815,pdeD
RDBECOLIGNC03847,b1816,yoaE
RDBECOLIGNC02089,b1822,rlmA
RDBECOLIGNC03851,b1825,yebO
RDBECOLIGNC00750,b1830,prc
RDBECOLIGNC02404,b1831,proQ
RDBECOLIGNC03855,b1832,msrC
RDBECOLIGNC03856,b1833,letA
RDBECOLIGNC03857,b1834,letB
RDBECOLIGNC03859,b1836,yebV
RDBECOLIGNC03860,b1837,yebW
RDBECOLIGNC03861,b1838,pphA
RDBECOLIGNC00992,b1845,ptrB
RDBECOLIGNC00606,b1855,lpxM
RDBECOLIGNC00011,b1856,mepM
RDBECOLIGNC01119,b1862,yebB
RDBECOLIGNC00913,b1863,ruvC
RDBECOLIGNC01120,b1864,yebC
RDBECOLIGNC01121,b1865,nudB
RDBECOLIGNC03869,b1869,yecN
RDBECOLIGNC03870,b1870,cmoA
RDBECOLIGNC03871,b1871,cmoB
RDBECOLIGNC03872,b1872,torZ
RDBECOLIGNC03873,b1873,torY
RDBECOLIGNC03874,b1874,cutC
RDBECOLIGNC03875,b1875,yecM
RDBECOLIGNC03879,b1893,insB5
RDBECOLIGNC03880,b1894,insA5
RDBECOLIGNC01687,b1896,otsA
RDBECOLIGNC01688,b1897,otsB
RDBECOLIGNC03885,b1906,yecH
RDBECOLIGNC01122,b1908,yecA
RDBECOLIGNC02491,b1909,leuZ
RDBECOLIGNC04692,b1910,cysT
RDBECOLIGNC02476,b1911,glyW
RDBECOLIGNC00697,b1912,pgsA
RDBECOLIGNC03886,b1918,tcyL
RDBECOLIGNC01353,b1927,amyA
RDBECOLIGNC01600,b1928,yedD
RDBECOLIGNC01601,b1929,yedE
RDBECOLIGNC01602,b1930,yedF
RDBECOLIGNC01603,b1931,yedK
RDBECOLIGNC03891,b1936,intG
RDBECOLIGNC03892,b1952,dsrB
RDBECOLIGNC03895,b1955,yedP
RDBECOLIGNC02362,b1958,yedI
RDBECOLIGNC01124,b1959,yedA
RDBECOLIGNC01056,b1960,vsr
RDBECOLIGNC02363,b1962,yedJ
RDBECOLIGNC03898,b1963,drpB
RDBECOLIGNC03901,b1968,hprS
RDBECOLIGNC02531,b1975,serU
RDBECOLIGNC03909,b1978,yeeJ
RDBECOLIGNC03912,b1983,yeeN
RDBECOLIGNC03913,b1984,asnW
RDBECOLIGNC03914,b1985,yeeO
RDBECOLIGNC02459,b1986,asnU
RDBECOLIGNC03917,b1990,ldtA
RDBECOLIGNC02044,b1992,cobS
RDBECOLIGNC03918,b1994,insH6
RDBECOLIGNC03920,b1996,insD3
RDBECOLIGNC03921,b1997,insC3
RDBECOLIGNC03922,b1999,yeeP
RDBECOLIGNC03924,b2001,yeeR
RDBECOLIGNC03925,b2002,yeeS
RDBECOLIGNC03926,b2003,yeeT
RDBECOLIGNC03927,b2004,cbeA
RDBECOLIGNC03928,b2005,cbtA
RDBECOLIGNC03929,b2006,yeeW
RDBECOLIGNC01818,b2008,yeeA
RDBECOLIGNC01820,b2010,dacD
RDBECOLIGNC00914,b2011,sbcB
RDBECOLIGNC01821,b2012,tsuB
RDBECOLIGNC01823,b2014,plaP
RDBECOLIGNC03931,b2015,yeeY
RDBECOLIGNC03933,b2027,wzzB
RDBECOLIGNC03935,b2030,insH7
RDBECOLIGNC01907,b2032,wbbK
RDBECOLIGNC01906,b2033,wbbJ
RDBECOLIGNC01905,b2034,wbbI
RDBECOLIGNC01904,b2035,wbbH
RDBECOLIGNC01903,b2036,glf
RDBECOLIGNC01902,b2037,rfbX
RDBECOLIGNC01900,b2039,rfbA
RDBECOLIGNC02267,b2040,rfbD
RDBECOLIGNC03936,b2042,galF
RDBECOLIGNC03937,b2043,wcaM
RDBECOLIGNC03938,b2044,wcaL
RDBECOLIGNC03939,b2045,wcaK
RDBECOLIGNC01329,b2064,asmA
RDBECOLIGNC02254,b2067,dgcE
RDBECOLIGNC02083,b2069,yegD
RDBECOLIGNC03952,b2070,yegI
RDBECOLIGNC03953,b2071,yegJ
RDBECOLIGNC03954,b2072,pphC
RDBECOLIGNC03959,b2080,yegP
RDBECOLIGNC03960,b2081,trhP
RDBECOLIGNC03961,b2082,ogrK
RDBECOLIGNC03965,b2086,yegS
RDBECOLIGNC03966,b2088,insE5
RDBECOLIGNC03967,b2089,insF5
RDBECOLIGNC03973,b2101,yegW
RDBECOLIGNC03974,b2102,yegX
RDBECOLIGNC03975,b2103,thiD
RDBECOLIGNC04704,b2104,thiM
RDBECOLIGNC00603,b2113,mrp
RDBECOLIGNC00578,b2114,metG
RDBECOLIGNC01915,b2118,yehI
RDBECOLIGNC01917,b2120,yehM
RDBECOLIGNC01918,b2121,yehP
RDBECOLIGNC01919,b2122,yehQ
RDBECOLIGNC01920,b2123,yehR
RDBECOLIGNC01922,b2125,btsR
RDBECOLIGNC01923,b2126,btsS
RDBECOLIGNC01925,b2128,yehW
RDBECOLIGNC01926,b2129,yehX
RDBECOLIGNC01927,b2130,yehY
RDBECOLIGNC01928,b2131,osmF
RDBECOLIGNC01930,b2134,pbpG
RDBECOLIGNC01931,b2135,yohC
RDBECOLIGNC01932,b2136,yohD
RDBECOLIGNC01933,b2137,yohF
RDBECOLIGNC01934,b2139,mdtQ
RDBECOLIGNC01935,b2140,dusC
RDBECOLIGNC01937,b2142,yohK
RDBECOLIGNC01938,b2144,sanA
RDBECOLIGNC03979,b2145,yeiS
RDBECOLIGNC01939,b2154,yeiG
RDBECOLIGNC01941,b2160,yeiI
RDBECOLIGNC01942,b2161,nupX
RDBECOLIGNC01943,b2162,rihB
RDBECOLIGNC01945,b2164,psuT
RDBECOLIGNC02004,b2173,yeiR
RDBECOLIGNC03981,b2174,lpxT
RDBECOLIGNC03982,b2175,mepS
RDBECOLIGNC03983,b2176,pdeN
RDBECOLIGNC01950,b2177,yejA
RDBECOLIGNC01952,b2179,yejE
RDBECOLIGNC01953,b2180,yejF
RDBECOLIGNC01383,b2182,bcr
RDBECOLIGNC01956,b2183,rsuA
RDBECOLIGNC01958,b2186,yejK
RDBECOLIGNC01955,b2187,yejL
RDBECOLIGNC01960,b2190,yejO
RDBECOLIGNC03985,b2192,insH8
RDBECOLIGNC01480,b2193,narP
RDBECOLIGNC00812,b2218,rcsC
RDBECOLIGNC01608,b2219,atoS
RDBECOLIGNC01609,b2220,atoC
RDBECOLIGNC03987,b2226,yfaQ
RDBECOLIGNC03989,b2229,yfaT
RDBECOLIGNC01125,b2230,yfaA
RDBECOLIGNC02394,b2233,yfaL
RDBECOLIGNC02194,b2244,rpnE
RDBECOLIGNC03990,b2245,yfaU
RDBECOLIGNC03991,b2246,yfaV
RDBECOLIGNC03992,b2247,rhmD
RDBECOLIGNC03993,b2248,yfaX
RDBECOLIGNC03994,b2249,yfaY
RDBECOLIGNC03995,b2250,yfaZ
RDBECOLIGNC03996,b2251,nudI
RDBECOLIGNC03997,b2252,ais
RDBECOLIGNC04004,b2259,pmrD
RDBECOLIGNC02286,b2260,menE
RDBECOLIGNC01485,b2261,menC
RDBECOLIGNC01335,b2262,menB
RDBECOLIGNC02287,b2263,menH
RDBECOLIGNC00571,b2264,menD
RDBECOLIGNC02225,b2265,menF
RDBECOLIGNC04006,b2267,elaA
RDBECOLIGNC04007,b2268,rbn
RDBECOLIGNC04008,b2269,elaD
RDBECOLIGNC04011,b2272,yfbM
RDBECOLIGNC04014,b2275,yfbP
RDBECOLIGNC04017,b2292,yfbS
RDBECOLIGNC04022,b2299,yfcD
RDBECOLIGNC04023,b2300,yfcE
RDBECOLIGNC04024,b2301,yfcF
RDBECOLIGNC04025,b2302,yfcG
RDBECOLIGNC04026,b2303,folX
RDBECOLIGNC04027,b2304,yfcH
RDBECOLIGNC04028,b2305,rpnB
RDBECOLIGNC00212,b2314,dedD
RDBECOLIGNC00321,b2315,folC
RDBECOLIGNC00447,b2318,truA
RDBECOLIGNC01047,b2319,usg
RDBECOLIGNC02926,b2320,pdxB
RDBECOLIGNC00223,b2321,flk
RDBECOLIGNC04029,b2322,yfcJ
RDBECOLIGNC04030,b2324,mnmC
RDBECOLIGNC04031,b2325,yfcL
RDBECOLIGNC04032,b2326,epmC
RDBECOLIGNC01127,b2327,yfcA
RDBECOLIGNC00572,b2328,mepA
RDBECOLIGNC00071,b2329,aroC
RDBECOLIGNC04036,b2334,yfcQ
RDBECOLIGNC04037,b2335,yfcR
RDBECOLIGNC04038,b2336,yfcS
RDBECOLIGNC04041,b2340,sixA
RDBECOLIGNC04045,b2345,yfdF
RDBECOLIGNC04046,b2346,mlaA
RDBECOLIGNC04048,b2349,intS
RDBECOLIGNC04049,b2350,yfdG
RDBECOLIGNC04050,b2351,yfdH
RDBECOLIGNC04051,b2352,yfdI
RDBECOLIGNC04060,b2361,yfdR
RDBECOLIGNC04061,b2362,yfdS
RDBECOLIGNC04062,b2363,yfdT
RDBECOLIGNC04069,b2376,ypdI
RDBECOLIGNC04074,b2381,pyrR
RDBECOLIGNC04076,b2383,fryA
RDBECOLIGNC04077,b2384,ypdE
RDBECOLIGNC04078,b2385,ypdF
RDBECOLIGNC04079,b2386,fryC
RDBECOLIGNC04080,b2387,fryB
RDBECOLIGNC04081,b2389,yfeO
RDBECOLIGNC04082,b2390,ypeC
RDBECOLIGNC04084,b2394,insL3
RDBECOLIGNC01128,b2395,pdeA
RDBECOLIGNC01395,b2399,yfeD
RDBECOLIGNC04085,b2408,yfeN
RDBECOLIGNC04086,b2409,yfeR
RDBECOLIGNC02239,b2410,yfeH
RDBECOLIGNC00526,b2411,ligA
RDBECOLIGNC00003,b2413,cysZ
RDBECOLIGNC02030,b2426,ucpA
RDBECOLIGNC04095,b2431,yfeX
RDBECOLIGNC04096,b2432,yfeY
RDBECOLIGNC04097,b2433,yfeZ
RDBECOLIGNC04098,b2434,ypeA
RDBECOLIGNC02074,b2437,eutR
RDBECOLIGNC04099,b2438,eutK
RDBECOLIGNC04100,b2439,eutL
RDBECOLIGNC02561,b2440,eutC
RDBECOLIGNC02560,b2441,eutB
RDBECOLIGNC04102,b2443,yffL
RDBECOLIGNC04103,b2444,yffM
RDBECOLIGNC04104,b2445,yffN
RDBECOLIGNC04105,b2446,yffO
RDBECOLIGNC04106,b2447,yffP
RDBECOLIGNC04107,b2448,yffQ
RDBECOLIGNC04108,b2449,yffR
RDBECOLIGNC04112,b2453,eutG
RDBECOLIGNC04113,b2454,eutJ
RDBECOLIGNC04114,b2455,eutE
RDBECOLIGNC04115,b2456,eutN
RDBECOLIGNC04123,b2466,ypfG
RDBECOLIGNC02266,b2467,nudK
RDBECOLIGNC00202,b2472,dapE
RDBECOLIGNC04124,b2473,ypfH
RDBECOLIGNC04125,b2474,tmcA
RDBECOLIGNC04126,b2475,ypfJ
RDBECOLIGNC00650,b2477,bamC
RDBECOLIGNC00199,b2478,dapA
RDBECOLIGNC01131,b2479,gcvR
RDBECOLIGNC00104,b2480,bcp
RDBECOLIGNC04137,b2493,yfgO
RDBECOLIGNC04138,b2494,bepA
RDBECOLIGNC04139,b2495,yfgD
RDBECOLIGNC04140,b2496,hda
RDBECOLIGNC04144,b2506,yfgI
RDBECOLIGNC04145,b2510,yfgJ
RDBECOLIGNC04146,b2511,der
RDBECOLIGNC04147,b2512,bamB
RDBECOLIGNC04148,b2513,yfgM
RDBECOLIGNC00446,b2514,hisS
RDBECOLIGNC00363,b2515,ispG
RDBECOLIGNC00013,b2516,rodZ
RDBECOLIGNC02258,b2517,rlmN
RDBECOLIGNC04149,b2519,pbpC
RDBECOLIGNC04150,b2520,yfhM
RDBECOLIGNC01547,b2521,sseA
RDBECOLIGNC02182,b2523,pepB
RDBECOLIGNC02183,b2524,iscX
RDBECOLIGNC01298,b2525,fdx
RDBECOLIGNC02028,b2527,hscB
RDBECOLIGNC04154,b2532,trmJ
RDBECOLIGNC00971,b2533,suhB
RDBECOLIGNC04155,b2534,yfhR
RDBECOLIGNC04157,b2536,hcaT
RDBECOLIGNC04162,b2543,yphA
RDBECOLIGNC04163,b2544,yphB
RDBECOLIGNC04164,b2545,yphC
RDBECOLIGNC04165,b2546,yphD
RDBECOLIGNC04166,b2547,yphE
RDBECOLIGNC04167,b2548,yphF
RDBECOLIGNC04168,b2549,yphG
RDBECOLIGNC04169,b2550,yphH
RDBECOLIGNC02035,b2555,qseG
RDBECOLIGNC04170,b2556,glrK
RDBECOLIGNC02180,b2561,yfhH
RDBECOLIGNC00241,b2563,acpS
RDBECOLIGNC00684,b2564,pdxJ
RDBECOLIGNC00822,b2565,recO
RDBECOLIGNC00264,b2566,era
RDBECOLIGNC00847,b2567,rnc
RDBECOLIGNC01491,b2575,yfiC
RDBECOLIGNC00963,b2576,srmB
RDBECOLIGNC01716,b2577,yfiE
RDBECOLIGNC02293,b2578,eamB
RDBECOLIGNC00771,b2585,pssA
RDBECOLIGNC02399,b2586,yfiM
RDBECOLIGNC00153,b2592,clpB
RDBECOLIGNC01998,b2593,yfiH
RDBECOLIGNC01999,b2594,rluD
RDBECOLIGNC04176,b2595,bamD
RDBECOLIGNC01244,b2598,pheL
RDBECOLIGNC00698,b2599,pheA
RDBECOLIGNC00294,b2610,ffh
RDBECOLIGNC04179,b2611,ypjD
RDBECOLIGNC02076,b2615,nadK
RDBECOLIGNC04180,b2618,yfjF
RDBECOLIGNC04181,b2619,ratA
RDBECOLIGNC01713,b2620,smpB
RDBECOLIGNC04182,b2623,yfjH
RDBECOLIGNC02011,b2624,alpA
RDBECOLIGNC04184,b2626,yfjJ
RDBECOLIGNC04185,b2627,abpB
RDBECOLIGNC04187,b2629,yfjM
RDBECOLIGNC04190,b2632,yfjP
RDBECOLIGNC04191,b2633,yfjQ
RDBECOLIGNC04192,b2634,yfjR
RDBECOLIGNC04193,b2635,ypjK
RDBECOLIGNC04194,b2636,yfjS
RDBECOLIGNC04195,b2637,yfjT
RDBECOLIGNC04196,b2638,yfjU
RDBECOLIGNC04197,b2641,yfjV
RDBECOLIGNC04198,b2642,yfjW
RDBECOLIGNC04204,b2648,pinH
RDBECOLIGNC04205,b2649,ypjB
RDBECOLIGNC04206,b2650,ypjC
RDBECOLIGNC04220,b2681,ygaY
RDBECOLIGNC04222,b2683,ygaH
RDBECOLIGNC00411,b2688,gshA
RDBECOLIGNC04223,b2689,yqaA
RDBECOLIGNC04224,b2690,yqaB
RDBECOLIGNC02451,b2691,argQ
RDBECOLIGNC02457,b2692,argZ
RDBECOLIGNC02456,b2693,argY
RDBECOLIGNC02453,b2694,argV
RDBECOLIGNC02532,b2695,serV
RDBECOLIGNC04225,b2700,pncC
RDBECOLIGNC04226,b2701,mltB
RDBECOLIGNC00617,b2733,mutS
RDBECOLIGNC04230,b2735,ygbI
RDBECOLIGNC04233,b2738,ygbL
RDBECOLIGNC04234,b2739,ygbM
RDBECOLIGNC04235,b2740,ygbN
RDBECOLIGNC00681,b2743,pcm
RDBECOLIGNC01747,b2744,umpG
RDBECOLIGNC04236,b2745,truD
RDBECOLIGNC01746,b2746,ispF
RDBECOLIGNC04238,b2748,ftsB
RDBECOLIGNC02360,b2749,ygbE
RDBECOLIGNC00481,b2753,iap
RDBECOLIGNC04246,b2766,ygcN
RDBECOLIGNC04249,b2769,ygcQ
RDBECOLIGNC04250,b2770,ygcR
RDBECOLIGNC02425,b2775,yqcE
RDBECOLIGNC04256,b2778,ygcG
RDBECOLIGNC01222,b2785,rlmD
RDBECOLIGNC01334,b2786,barA
RDBECOLIGNC04260,b2790,yqcA
RDBECOLIGNC04261,b2791,truC
RDBECOLIGNC04262,b2792,yqcC
RDBECOLIGNC04263,b2793,syd
RDBECOLIGNC01569,b2797,sdaB
RDBECOLIGNC02235,b2798,ygdG
RDBECOLIGNC01724,b2807,ygdD
RDBECOLIGNC04265,b2809,ygdI
RDBECOLIGNC04266,b2810,csdA
RDBECOLIGNC04267,b2811,csdE
RDBECOLIGNC04268,b2812,tcdA
RDBECOLIGNC02499,b2814,metZ
RDBECOLIGNC02554,b2815,metW
RDBECOLIGNC00990,b2827,thyA
RDBECOLIGNC02025,b2828,lgt
RDBECOLIGNC02072,b2829,ptsP
RDBECOLIGNC04271,b2830,rppH
RDBECOLIGNC00616,b2831,mutH
RDBECOLIGNC04272,b2832,ygdQ
RDBECOLIGNC04274,b2834,tas
RDBECOLIGNC02299,b2835,lplT
RDBECOLIGNC01620,b2836,aas
RDBECOLIGNC02224,b2842,kduD
RDBECOLIGNC04279,b2847,yqeI
RDBECOLIGNC04282,b2850,ygeF
RDBECOLIGNC04285,b2853,ygeI
RDBECOLIGNC04286,b2854,pbl
RDBECOLIGNC04287,b2855,ygeK
RDBECOLIGNC04288,b2856,ygeL
RDBECOLIGNC04289,b2858,ygeN
RDBECOLIGNC04290,b2859,ygeO
RDBECOLIGNC04291,b2860,insD4
RDBECOLIGNC04292,b2861,insC4
RDBECOLIGNC04293,b2862,ygeP
RDBECOLIGNC04294,b2863,ygeQ
RDBECOLIGNC04295,b2865,actS
RDBECOLIGNC04299,b2869,ygeV
RDBECOLIGNC04301,b2871,ygeX
RDBECOLIGNC04302,b2872,ygeY
RDBECOLIGNC04303,b2873,hyuA
RDBECOLIGNC04304,b2874,yqeA
RDBECOLIGNC04308,b2878,ygfK
RDBECOLIGNC04309,b2879,ssnA
RDBECOLIGNC04310,b2880,ygfM
RDBECOLIGNC04311,b2881,xdhD
RDBECOLIGNC04312,b2882,xanQ
RDBECOLIGNC04313,b2883,guaD
RDBECOLIGNC04315,b2886,ygfS
RDBECOLIGNC04316,b2887,ygfT
RDBECOLIGNC04317,b2888,uacT
RDBECOLIGNC04318,b2889,idi
RDBECOLIGNC04319,b2896,ygfX
RDBECOLIGNC04320,b2897,sdhE
RDBECOLIGNC04321,b2898,ygfZ
RDBECOLIGNC04322,b2899,trhA
RDBECOLIGNC04323,b2900,yqfB
RDBECOLIGNC02974,b2901,bglA
RDBECOLIGNC04324,b2902,ygfF
RDBECOLIGNC01303,b2906,ubiI
RDBECOLIGNC01294,b2907,ubiH
RDBECOLIGNC00688,b2908,pepP
RDBECOLIGNC01293,b2909,ygfB
RDBECOLIGNC02412,b2910,zapA
RDBECOLIGNC04325,b2915,yqfE
RDBECOLIGNC01219,b2922,yggE
RDBECOLIGNC01143,b2928,yggC
RDBECOLIGNC01144,b2929,fumE
RDBECOLIGNC01220,b2930,yggF
RDBECOLIGNC01390,b2935,tktA
RDBECOLIGNC01263,b2936,loiP
RDBECOLIGNC04330,b2939,yqgB
RDBECOLIGNC04331,b2940,yqgC
RDBECOLIGNC04332,b2941,yqgD
RDBECOLIGNC02020,b2944,yggI
RDBECOLIGNC01306,b2945,endA
RDBECOLIGNC02229,b2946,rsmE
RDBECOLIGNC00412,b2947,gshB
RDBECOLIGNC04333,b2948,yqgE
RDBECOLIGNC04334,b2949,yqgF
RDBECOLIGNC04335,b2950,yggR
RDBECOLIGNC04336,b2951,yggS
RDBECOLIGNC04337,b2952,yggT
RDBECOLIGNC04338,b2953,yggU
RDBECOLIGNC04339,b2954,rdgB
RDBECOLIGNC04340,b2955,hemW
RDBECOLIGNC02358,b2956,yggM
RDBECOLIGNC02359,b2958,yggN
RDBECOLIGNC02291,b2959,yggL
RDBECOLIGNC01710,b2960,trmB
RDBECOLIGNC04343,b2966,yqgA
RDBECOLIGNC04344,b2968,yghD
RDBECOLIGNC04345,b2969,yghE
RDBECOLIGNC04348,b2972,pppA
RDBECOLIGNC04355,b2981,yghO
RDBECOLIGNC04356,b2982,insH9
RDBECOLIGNC04357,b2983,yghQ
RDBECOLIGNC02416,b2988,gss
RDBECOLIGNC04361,b2989,yghU
RDBECOLIGNC04366,b3002,yqhA
RDBECOLIGNC01264,b3003,yghA
RDBECOLIGNC01753,b3009,yghB
RDBECOLIGNC04373,b3014,yqhH
RDBECOLIGNC01343,b3017,ftsP
RDBECOLIGNC01344,b3018,plsC
RDBECOLIGNC00678,b3019,parC
RDBECOLIGNC04375,b3020,ygiS
RDBECOLIGNC01149,b3040,zupT
RDBECOLIGNC00458,b3041,ribB
RDBECOLIGNC04385,b3042,ubiK
RDBECOLIGNC04387,b3045,insD5
RDBECOLIGNC04388,b3046,yqiG
RDBECOLIGNC04389,b3047,yqiH
RDBECOLIGNC04390,b3048,yqiI
RDBECOLIGNC04391,b3050,yqiJ
RDBECOLIGNC04392,b3051,yqiK
RDBECOLIGNC04393,b3052,hldE
RDBECOLIGNC01549,b3053,glnE
RDBECOLIGNC00132,b3056,cca
RDBECOLIGNC01614,b3058,folB
RDBECOLIGNC01615,b3059,plsY
RDBECOLIGNC01152,b3064,tsaD
RDBECOLIGNC02367,b3068,mug
RDBECOLIGNC02483,b3069,ileX
RDBECOLIGNC00248,b3075,ebgR
RDBECOLIGNC04399,b3079,ygjJ
RDBECOLIGNC04400,b3080,ygjK
RDBECOLIGNC04403,b3084,rlmG
RDBECOLIGNC04404,b3085,ygjP
RDBECOLIGNC04405,b3086,ygjQ
RDBECOLIGNC04411,b3097,yqjC
RDBECOLIGNC04412,b3098,yqjD
RDBECOLIGNC04413,b3099,yqjE
RDBECOLIGNC04414,b3100,yqjK
RDBECOLIGNC04416,b3102,yqjG
RDBECOLIGNC04417,b3103,yhaH
RDBECOLIGNC01155,b3121,yhaC
RDBECOLIGNC04426,b3130,yhaV
RDBECOLIGNC04435,b3143,yraI
RDBECOLIGNC04436,b3144,yraJ
RDBECOLIGNC04437,b3145,yraK
RDBECOLIGNC04438,b3146,rsmI
RDBECOLIGNC04439,b3147,lpoA
RDBECOLIGNC04440,b3148,yraN
RDBECOLIGNC02379,b3149,diaA
RDBECOLIGNC04441,b3150,dolP
RDBECOLIGNC04443,b3152,yraR
RDBECOLIGNC04445,b3154,yhbP
RDBECOLIGNC04446,b3155,yhbQ
RDBECOLIGNC04450,b3159,ubiV
RDBECOLIGNC02234,b3163,nlpI
RDBECOLIGNC01505,b3176,glmM
RDBECOLIGNC02565,b3177,folP
RDBECOLIGNC01461,b3178,ftsH
RDBECOLIGNC00408,b3181,greA
RDBECOLIGNC00196,b3182,dacB
RDBECOLIGNC02384,b3196,yrbG
RDBECOLIGNC04457,b3197,kdsD
RDBECOLIGNC04458,b3198,kdsC
RDBECOLIGNC04459,b3199,lptC
RDBECOLIGNC04460,b3200,lptA
RDBECOLIGNC01621,b3201,lptB
RDBECOLIGNC02041,b3205,rapZ
RDBECOLIGNC02042,b3206,npr
RDBECOLIGNC04462,b3208,mtgA
RDBECOLIGNC01349,b3209,elbB
RDBECOLIGNC04466,b3218,insH10
RDBECOLIGNC04467,b3219,yhcF
RDBECOLIGNC04468,b3220,yhcG
RDBECOLIGNC04472,b3226,nanR
RDBECOLIGNC00966,b3228,sspB
RDBECOLIGNC04474,b3232,zapE
RDBECOLIGNC04475,b3233,yhcB
RDBECOLIGNC04476,b3234,degQ
RDBECOLIGNC01594,b3235,degS
RDBECOLIGNC04483,b3244,tldD
RDBECOLIGNC01271,b3247,rng
RDBECOLIGNC01270,b3248,yhdE
RDBECOLIGNC00016,b3252,csrD
RDBECOLIGNC01285,b3253,yhdH
RDBECOLIGNC04486,b3257,yhdT
RDBECOLIGNC00677,b3258,panF
RDBECOLIGNC01452,b3259,prmA
RDBECOLIGNC04487,b3263,yhdU
RDBECOLIGNC01678,b3264,envR
RDBECOLIGNC04489,b3279,yrdA
RDBECOLIGNC04490,b3280,yrdB
RDBECOLIGNC04491,b3282,tsaC
RDBECOLIGNC01403,b3287,def
RDBECOLIGNC01241,b3288,fmt
RDBECOLIGNC02054,b3289,rsmB
RDBECOLIGNC01007,b3290,trkA
RDBECOLIGNC04504,b3343,tusB
RDBECOLIGNC04505,b3344,tusC
RDBECOLIGNC04506,b3345,tusD
RDBECOLIGNC04507,b3346,yheO
RDBECOLIGNC04508,b3347,fkpA
RDBECOLIGNC01604,b3349,slyD
RDBECOLIGNC02439,b3350,kefB
RDBECOLIGNC04509,b3351,kefG
RDBECOLIGNC02418,b3352,yheS
RDBECOLIGNC04510,b3353,yheT
RDBECOLIGNC04511,b3354,yheU
RDBECOLIGNC02228,b3355,prkB
RDBECOLIGNC04512,b3358,yhfK
RDBECOLIGNC00674,b3360,pabA
RDBECOLIGNC00301,b3361,fic
RDBECOLIGNC02237,b3362,yhfG
RDBECOLIGNC04524,b3382,yhfY
RDBECOLIGNC01018,b3384,trpS
RDBECOLIGNC01799,b3385,gph
RDBECOLIGNC04703,b3386,rpe
RDBECOLIGNC00198,b3387,dam
RDBECOLIGNC01164,b3388,damX
RDBECOLIGNC02012,b3391,hofQ
RDBECOLIGNC00738,b3396,mrcA
RDBECOLIGNC04532,b3399,yrfG
RDBECOLIGNC04533,b3400,hslR
RDBECOLIGNC04534,b3401,hslO
RDBECOLIGNC04536,b3407,yhgF
RDBECOLIGNC01686,b3411,rpnA
RDBECOLIGNC00118,b3412,bioH
RDBECOLIGNC02219,b3422,rtcR
RDBECOLIGNC04542,b3434,yhgN
RDBECOLIGNC04544,b3440,yhhX
RDBECOLIGNC04547,b3443,yrhA
RDBECOLIGNC04548,b3444,insA6
RDBECOLIGNC04549,b3445,insB6
RDBECOLIGNC00367,b3447,ggt
RDBECOLIGNC00339,b3462,ftsX
RDBECOLIGNC00334,b3463,ftsE
RDBECOLIGNC00340,b3464,ftsY
RDBECOLIGNC00337,b3465,rsmD
RDBECOLIGNC02094,b3466,yhhL
RDBECOLIGNC02095,b3467,yhhM
RDBECOLIGNC02096,b3468,yhhN
RDBECOLIGNC02098,b3470,tusA
RDBECOLIGNC04551,b3472,dcrB
RDBECOLIGNC02100,b3473,yhhS
RDBECOLIGNC02101,b3474,yhhT
RDBECOLIGNC02102,b3475,acpT
RDBECOLIGNC00837,b3482,rhsB
RDBECOLIGNC01473,b3483,yhhH
RDBECOLIGNC01478,b3484,yhhI
RDBECOLIGNC01701,b3485,yhhJ
RDBECOLIGNC02103,b3486,rbbA
RDBECOLIGNC02104,b3487,yhiI
RDBECOLIGNC02108,b3492,yhiN
RDBECOLIGNC02112,b3497,rsmJ
RDBECOLIGNC01404,b3498,prlC
RDBECOLIGNC02113,b3499,rlmJ
RDBECOLIGNC02117,b3504,yhiS
RDBECOLIGNC04552,b3505,insH11
RDBECOLIGNC02123,b3519,treF
RDBECOLIGNC02124,b3520,yhjB
RDBECOLIGNC02128,b3524,yhjG
RDBECOLIGNC02130,b3526,kdgK
RDBECOLIGNC02132,b3529,pdeK
RDBECOLIGNC02137,b3534,bcsQ
RDBECOLIGNC02139,b3536,bcsE
RDBECOLIGNC02140,b3537,bcsF
RDBECOLIGNC02141,b3538,bcsG
RDBECOLIGNC02142,b3539,yhjV
RDBECOLIGNC02145,b3548,yhjY
RDBECOLIGNC00974,b3549,tag
RDBECOLIGNC02146,b3550,yiaC
RDBECOLIGNC02148,b3553,ghrB
RDBECOLIGNC02149,b3554,yiaF
RDBECOLIGNC04553,b3557,insJ
RDBECOLIGNC00403,b3559,glyS
RDBECOLIGNC00402,b3560,glyQ
RDBECOLIGNC01166,b3562,yiaA
RDBECOLIGNC01240,b3563,yiaB
RDBECOLIGNC01328,b3570,bax
RDBECOLIGNC02153,b3573,ysaA
RDBECOLIGNC02165,b3585,yiaU
RDBECOLIGNC02169,b3589,yiaY
RDBECOLIGNC00930,b3590,selB
RDBECOLIGNC00929,b3591,selA
RDBECOLIGNC01696,b3592,yibF
RDBECOLIGNC00836,b3593,rhsA
RDBECOLIGNC01167,b3594,yibA
RDBECOLIGNC01700,b3595,yibJ
RDBECOLIGNC01697,b3596,yibG
RDBECOLIGNC01698,b3597,yibH
RDBECOLIGNC01699,b3598,yibI
RDBECOLIGNC01815,b3606,trmL
RDBECOLIGNC01168,b3618,htrL
RDBECOLIGNC01169,b3621,waaC
RDBECOLIGNC01170,b3634,coaD
RDBECOLIGNC00004,b3639,dfp
RDBECOLIGNC00245,b3640,dut
RDBECOLIGNC01171,b3641,slmA
RDBECOLIGNC00798,b3642,pyrE
RDBECOLIGNC00853,b3643,rph
RDBECOLIGNC01172,b3644,yicC
RDBECOLIGNC01624,b3646,yicG
RDBECOLIGNC00399,b3653,gltS
RDBECOLIGNC01174,b3654,xanP
RDBECOLIGNC01626,b3656,yicI
RDBECOLIGNC01628,b3659,setC
RDBECOLIGNC01629,b3660,yicL
RDBECOLIGNC01631,b3663,yicN
RDBECOLIGNC01632,b3664,adeQ
RDBECOLIGNC01635,b3674,yidF
RDBECOLIGNC01636,b3675,yidG
RDBECOLIGNC01637,b3676,yidH
RDBECOLIGNC01638,b3677,yidI
RDBECOLIGNC01646,b3678,yidJ
RDBECOLIGNC01647,b3679,yidK
RDBECOLIGNC01650,b3682,glvB
RDBECOLIGNC01652,b3684,yidP
RDBECOLIGNC01489,b3685,yidE
RDBECOLIGNC01654,b3689,yidR
RDBECOLIGNC01656,b3696,yidX
RDBECOLIGNC01175,b3697,yidA
RDBECOLIGNC00852,b3704,rnpA
RDBECOLIGNC01177,b3705,yidC
RDBECOLIGNC00985,b3706,mnmE
RDBECOLIGNC01658,b3711,yidZ
RDBECOLIGNC01660,b3713,yieF
RDBECOLIGNC01665,b3718,yieK
RDBECOLIGNC01666,b3719,yieL
RDBECOLIGNC00096,b3731,atpC
RDBECOLIGNC00097,b3732,atpD
RDBECOLIGNC00100,b3733,atpG
RDBECOLIGNC00099,b3736,atpF
RDBECOLIGNC00098,b3737,atpE
RDBECOLIGNC01494,b3747,kup
RDBECOLIGNC01669,b3754,hsrA
RDBECOLIGNC02461,b3760,aspT
RDBECOLIGNC02542,b3761,trpT
RDBECOLIGNC04556,b3777,yifN
RDBECOLIGNC00406,b3779,gpp
RDBECOLIGNC00834,b3780,rhlB
RDBECOLIGNC02279,b3782,rhoL
RDBECOLIGNC01421,b3795,thrP
RDBECOLIGNC00085,b3801,aslA
RDBECOLIGNC00427,b3802,hemY
RDBECOLIGNC00426,b3803,hemX
RDBECOLIGNC00423,b3804,hemD
RDBECOLIGNC00422,b3805,hemC
RDBECOLIGNC01595,b3807,cyaY
RDBECOLIGNC04558,b3808,yzcX
RDBECOLIGNC00203,b3809,dapF
RDBECOLIGNC01180,b3810,yigA
RDBECOLIGNC01057,b3811,xerC
RDBECOLIGNC01181,b3812,yigB
RDBECOLIGNC01424,b3816,corA
RDBECOLIGNC01425,b3817,yigF
RDBECOLIGNC01427,b3819,rarD
RDBECOLIGNC01429,b3823,rhtC
RDBECOLIGNC00729,b3825,pldB
RDBECOLIGNC01432,b3827,bioP
RDBECOLIGNC01434,b3833,ubiE
RDBECOLIGNC01435,b3834,ubiJ
RDBECOLIGNC01436,b3835,ubiB
RDBECOLIGNC04560,b3836,tatA
RDBECOLIGNC04561,b3838,tatB
RDBECOLIGNC01437,b3839,tatC
RDBECOLIGNC01362,b3843,ubiD
RDBECOLIGNC00328,b3844,fre
RDBECOLIGNC00689,b3847,pepQ
RDBECOLIGNC01439,b3848,yigZ
RDBECOLIGNC01009,b3849,trkH
RDBECOLIGNC01440,b3850,hemG
RDBECOLIGNC01757,b3856,mobB
RDBECOLIGNC01761,b3861,yihF
RDBECOLIGNC01762,b3862,yihG
RDBECOLIGNC01182,b3865,yihA
RDBECOLIGNC01763,b3866,yihI
RDBECOLIGNC01765,b3871,bipA
RDBECOLIGNC04562,b3875,ompL
RDBECOLIGNC01770,b3877,yihP
RDBECOLIGNC01772,b3879,yihR
RDBECOLIGNC01779,b3886,yihY
RDBECOLIGNC01780,b3887,dtd
RDBECOLIGNC01781,b3888,madA
RDBECOLIGNC00278,b3891,fdhE
RDBECOLIGNC01784,b3892,fdoI
RDBECOLIGNC01785,b3893,fdoH
RDBECOLIGNC01788,b3896,yiiG
RDBECOLIGNC01789,b3897,frvR
RDBECOLIGNC01790,b3898,frvX
RDBECOLIGNC01791,b3899,frvB
RDBECOLIGNC01792,b3900,frvA
RDBECOLIGNC01793,b3901,rhaM
RDBECOLIGNC01800,b3915,fieF
RDBECOLIGNC00917,b3917,sbp
RDBECOLIGNC00134,b3918,cdh
RDBECOLIGNC01801,b3920,yiiQ
RDBECOLIGNC01802,b3921,yiiR
RDBECOLIGNC01806,b3929,rraA
RDBECOLIGNC01808,b3931,hslU
RDBECOLIGNC01617,b3932,hslV
RDBECOLIGNC01482,b3933,ftsN
RDBECOLIGNC00753,b3935,priA
RDBECOLIGNC00879,b3936,rpmE
RDBECOLIGNC01809,b3937,yiiX
RDBECOLIGNC01828,b3943,yijE
RDBECOLIGNC01829,b3944,yijF
RDBECOLIGNC01830,b3945,gldA
RDBECOLIGNC01831,b3946,fsaB
RDBECOLIGNC01832,b3947,ptsA
RDBECOLIGNC01833,b3949,frwC
RDBECOLIGNC01834,b3950,frwB
RDBECOLIGNC01835,b3951,pflD
RDBECOLIGNC01836,b3952,pflC
RDBECOLIGNC01837,b3953,frwD
RDBECOLIGNC01839,b3955,eptC
RDBECOLIGNC01360,b3963,fabR
RDBECOLIGNC01361,b3964,yijD
RDBECOLIGNC01184,b3972,murB
RDBECOLIGNC00119,b3973,birA
RDBECOLIGNC00912,b3974,coaA
RDBECOLIGNC00927,b3981,secE
RDBECOLIGNC00659,b3982,nusG
RDBECOLIGNC01392,b3989,yjaZ
RDBECOLIGNC01538,b3990,thiH
RDBECOLIGNC01537,b3991,thiG
RDBECOLIGNC01536,b3992,thiF
RDBECOLIGNC01535,b3993,thiE
RDBECOLIGNC01496,b3997,hemE
RDBECOLIGNC01840,b3998,nfi
RDBECOLIGNC01841,b3999,yjaG
RDBECOLIGNC01185,b4011,yjaA
RDBECOLIGNC01186,b4012,yjaB
RDBECOLIGNC01187,b4017,arpA
RDBECOLIGNC01846,b4022,rluF
RDBECOLIGNC01847,b4023,yjbD
RDBECOLIGNC01852,b4038,yjbI
RDBECOLIGNC01854,b4046,zur
RDBECOLIGNC01855,b4047,yjbL
RDBECOLIGNC01856,b4048,yjbM
RDBECOLIGNC01857,b4049,dusA
RDBECOLIGNC00230,b4052,dnaB
RDBECOLIGNC00001,b4053,alr
RDBECOLIGNC01864,b4064,ghxP
RDBECOLIGNC01865,b4065,yjcE
RDBECOLIGNC01876,b4080,mdtP
RDBECOLIGNC01877,b4081,mdtO
RDBECOLIGNC01878,b4082,mdtN
RDBECOLIGNC01879,b4083,yjcS
RDBECOLIGNC01880,b4084,alsK
RDBECOLIGNC00703,b4107,yjdN
RDBECOLIGNC00702,b4108,yjdM
RDBECOLIGNC04566,b4110,rdcB
RDBECOLIGNC01560,b4112,basS
RDBECOLIGNC01561,b4113,basR
RDBECOLIGNC04567,b4121,yjdF
RDBECOLIGNC04570,b4126,yjdI
RDBECOLIGNC04571,b4127,yjdJ
RDBECOLIGNC04572,b4128,ghoS
RDBECOLIGNC02302,b4130,dtpC
RDBECOLIGNC02064,b4135,dicD
RDBECOLIGNC02066,b4136,dsbD
RDBECOLIGNC02065,b4137,cutA
RDBECOLIGNC04575,b4144,yjeI
RDBECOLIGNC02000,b4147,efp
RDBECOLIGNC01562,b4148,gdx
RDBECOLIGNC01190,b4155,epmA
RDBECOLIGNC04579,b4157,yjeN
RDBECOLIGNC04580,b4158,yjeO
RDBECOLIGNC02475,b4163,glyV
RDBECOLIGNC02477,b4164,glyX
RDBECOLIGNC02478,b4165,glyY
RDBECOLIGNC04584,b4166,queG
RDBECOLIGNC04585,b4176,yjeT
RDBECOLIGNC01191,b4178,nsrR
RDBECOLIGNC04586,b4180,rlmB
RDBECOLIGNC04587,b4181,yjfI
RDBECOLIGNC04588,b4182,yjfJ
RDBECOLIGNC04589,b4183,yjfK
RDBECOLIGNC04590,b4184,yjfL
RDBECOLIGNC04591,b4185,yjfM
RDBECOLIGNC01743,b4186,yjfC
RDBECOLIGNC04595,b4191,ulaR
RDBECOLIGNC04603,b4205,ytfA
RDBECOLIGNC04607,b4210,ytfF
RDBECOLIGNC04608,b4211,qorB
RDBECOLIGNC04609,b4212,ytfH
RDBECOLIGNC04610,b4215,ytfI
RDBECOLIGNC04613,b4218,paeA
RDBECOLIGNC04614,b4220,tamA
RDBECOLIGNC04615,b4221,tamB
RDBECOLIGNC01997,b4225,chpB
RDBECOLIGNC00745,b4226,ppa
RDBECOLIGNC01375,b4234,yjgA
RDBECOLIGNC00731,b4235,tldE
RDBECOLIGNC04623,b4252,tabA
RDBECOLIGNC04624,b4253,yjgL
RDBECOLIGNC04625,b4255,rraB
RDBECOLIGNC01055,b4258,valS
RDBECOLIGNC01378,b4259,holC
RDBECOLIGNC04628,b4261,lptF
RDBECOLIGNC04629,b4262,lptG
RDBECOLIGNC04630,b4263,yjgR
RDBECOLIGNC01399,b4269,ahr
RDBECOLIGNC02227,b4271,intB
RDBECOLIGNC04634,b4272,insC6
RDBECOLIGNC04635,b4273,insD6
RDBECOLIGNC04638,b4277,yjgZ
RDBECOLIGNC04639,b4278,insG
RDBECOLIGNC04641,b4281,yjhD
RDBECOLIGNC04642,b4282,yjhE
RDBECOLIGNC04644,b4284,insI3
RDBECOLIGNC04645,b4286,yjhV
RDBECOLIGNC04646,b4294,insA7
RDBECOLIGNC04647,b4295,yjhU
RDBECOLIGNC02314,b4296,yjhF
RDBECOLIGNC04654,b4306,yjhP
RDBECOLIGNC04655,b4307,yjhQ
RDBECOLIGNC04656,b4308,yjhR
RDBECOLIGNC04662,b4327,hypT
RDBECOLIGNC04663,b4328,iadA
RDBECOLIGNC04664,b4329,yjiG
RDBECOLIGNC04665,b4330,yjiH
RDBECOLIGNC04666,b4331,kptA
RDBECOLIGNC04667,b4332,yjiJ
RDBECOLIGNC04668,b4333,yjiK
RDBECOLIGNC04670,b4335,yjiM
RDBECOLIGNC04674,b4341,yjiS
RDBECOLIGNC00567,b4345,mcrC
RDBECOLIGNC00453,b4348,hsdS
RDBECOLIGNC00451,b4349,hsdM
RDBECOLIGNC00452,b4350,hsdR
RDBECOLIGNC00604,b4351,mrr
RDBECOLIGNC00018,b4352,yjiA
RDBECOLIGNC04677,b4353,yjiX
RDBECOLIGNC02320,b4356,lgoT
RDBECOLIGNC02321,b4359,opgB
RDBECOLIGNC01193,b4360,yjjA
RDBECOLIGNC00231,b4361,dnaC
RDBECOLIGNC00238,b4362,dnaT
RDBECOLIGNC01194,b4363,yjjB
RDBECOLIGNC04685,b4371,rsmC
RDBECOLIGNC01379,b4372,holD
RDBECOLIGNC00840,b4373,rimI
RDBECOLIGNC02014,b4374,yjjG
RDBECOLIGNC04686,b4377,yjjU
RDBECOLIGNC04687,b4378,yjjV
RDBECOLIGNC04688,b4379,yjjW
RDBECOLIGNC02061,b4380,yjjI
RDBECOLIGNC02212,b4385,hipH
RDBECOLIGNC01727,b4386,lplA
RDBECOLIGNC01268,b4389,radA
RDBECOLIGNC01305,b4390,nadR
RDBECOLIGNC02322,b4394,yjjX
RDBECOLIGNC02055,b4395,ytjC
RDBECOLIGNC02181,b4403,yjtD
RDBECOLIGNC02951,b4407,thiS
RDBECOLIGNC02928,b4409,blr
RDBECOLIGNC02930,b4412,hokC
RDBECOLIGNC02931,b4413,sokC
RDBECOLIGNC02866,b4418,sraB
RDBECOLIGNC02933,b4419,ldrA
RDBECOLIGNC02934,b4420,rdlA
RDBECOLIGNC02935,b4421,ldrB
RDBECOLIGNC02936,b4422,rdlB
RDBECOLIGNC02937,b4423,ldrC
RDBECOLIGNC02938,b4424,rdlC
RDBECOLIGNC02939,b4425,rttR
RDBECOLIGNC02940,b4428,hokB
RDBECOLIGNC02941,b4429,sokB
RDBECOLIGNC02879,b4430,rydB
RDBECOLIGNC02868,b4432,ryeA
RDBECOLIGNC02885,b4433,sdsR
RDBECOLIGNC02887,b4437,sibB
RDBECOLIGNC02881,b4440,ryfA
RDBECOLIGNC02869,b4442,micA
RDBECOLIGNC02888,b4446,sibC
RDBECOLIGNC02912,b4447,sibD
RDBECOLIGNC02873,b4449,sraG
RDBECOLIGNC02914,b4453,ldrD
RDBECOLIGNC02915,b4454,rdlD
RDBECOLIGNC02942,b4455,hokA
RDBECOLIGNC02876,b4456,glmZ
RDBECOLIGNC02878,b4459,ryjA
RDBECOLIGNC04210,b4462,ygaQ
RDBECOLIGNC04252,b4463,ygcU
RDBECOLIGNC04314,b4464,ghxQ
RDBECOLIGNC04374,b4469,ygiQ
RDBECOLIGNC04484,b4472,yhdP
RDBECOLIGNC01551,b4473,smf
RDBECOLIGNC01423,b4482,yigE
RDBECOLIGNC01438,b4483,tatD
RDBECOLIGNC01352,b4486,yjiV
RDBECOLIGNC03473,b4491,ycgH
RDBECOLIGNC03582,b4492,ydbA
RDBECOLIGNC03778,b4494,arpB
RDBECOLIGNC03890,b4495,yedN
RDBECOLIGNC03899,b4496,yedS
RDBECOLIGNC03910,b4497,yeeL
RDBECOLIGNC02053,b4498,gatR
RDBECOLIGNC03988,b4500,yfaS
RDBECOLIGNC02571,b4503,yafF
RDBECOLIGNC02572,b4504,ykfH
RDBECOLIGNC02575,b4509,ylcG
RDBECOLIGNC02576,b4510,rzoD
RDBECOLIGNC02578,b4512,ybdD
RDBECOLIGNC02580,b4514,ybfQ
RDBECOLIGNC02581,b4515,cydX
RDBECOLIGNC02570,b4516,insA4
RDBECOLIGNC02944,b4517,gnsA
RDBECOLIGNC02582,b4518,ymdF
RDBECOLIGNC02635,b4519,icdC
RDBECOLIGNC02569,b4520,ymgF
RDBECOLIGNC02583,b4521,ycgI
RDBECOLIGNC02916,b4526,ydaE
RDBECOLIGNC02586,b4527,ydaF
RDBECOLIGNC02587,b4528,rzoR
RDBECOLIGNC02588,b4529,ydbJ
RDBECOLIGNC02590,b4533,ynfO
RDBECOLIGNC02637,b4534,ynfP
RDBECOLIGNC02591,b4535,yniD
RDBECOLIGNC02592,b4536,yobH
RDBECOLIGNC02593,b4537,yecJ
RDBECOLIGNC02594,b4538,yoeF
RDBECOLIGNC02595,b4541,yehK
RDBECOLIGNC02638,b4543,ypaA
RDBECOLIGNC02598,b4545,ypdJ
RDBECOLIGNC02599,b4546,ypeB
RDBECOLIGNC02602,b4550,arfA
RDBECOLIGNC02603,b4551,yheV
RDBECOLIGNC02604,b4553,ysaB
RDBECOLIGNC02606,b4555,yicS
RDBECOLIGNC02607,b4557,yidD
RDBECOLIGNC02608,b4558,lptM
RDBECOLIGNC02609,b4559,ghoT
RDBECOLIGNC02610,b4566,topAI
RDBECOLIGNC02612,b4568,ytjA
RDBECOLIGNC04465,b4569,yhcE
RDBECOLIGNC03554,b4570,lomR
RDBECOLIGNC01908,b4571,wbbL
RDBECOLIGNC03167,b4572,allG
RDBECOLIGNC03494,b4573,insZ
RDBECOLIGNC04637,b4575,yjgX
RDBECOLIGNC03102,b4579,yaiX
RDBECOLIGNC03109,b4580,yaiT
RDBECOLIGNC02090,b4581,ybeM
RDBECOLIGNC04672,b4584,rpnD
RDBECOLIGNC02920,b4585,chiX
RDBECOLIGNC02644,b4586,ykfM
RDBECOLIGNC03026,b4587,insN
RDBECOLIGNC02645,b4588,ylcH
RDBECOLIGNC02646,b4589,ylcI
RDBECOLIGNC02650,b4593,ymgI
RDBECOLIGNC02651,b4594,ymgJ
RDBECOLIGNC02891,b4595,yciY
RDBECOLIGNC02889,b4598,yncL
RDBECOLIGNC02654,b4601,ydgU
RDBECOLIGNC02655,b4602,cydH
RDBECOLIGNC02642,b4603,rseX
RDBECOLIGNC02656,b4604,yojO
RDBECOLIGNC02657,b4605,ypaB
RDBECOLIGNC02890,b4606,ypfM
RDBECOLIGNC02659,b4608,ohsC
RDBECOLIGNC02660,b4609,ryfD
RDBECOLIGNC02661,b4610,ygdT
RDBECOLIGNC02663,b4612,yrhD
RDBECOLIGNC02665,b4615,yibV
RDBECOLIGNC02566,b4616,istR
RDBECOLIGNC02666,b4620,yjbT
RDBECOLIGNC02667,b4621,yjbS
RDBECOLIGNC02668,b4622,ytcA
RDBECOLIGNC04643,b4623,insO
RDBECOLIGNC02670,b4625,symR
RDBECOLIGNC02775,b4626,ykfN
RDBECOLIGNC02776,b4630,ykgP
RDBECOLIGNC02773,b4632,ylbI
RDBECOLIGNC02777,b4633,xisD
RDBECOLIGNC02778,b4634,aaaD
RDBECOLIGNC02738,b4638,ttcC
RDBECOLIGNC02732,b4644,ypjI
RDBECOLIGNC02745,b4650,yibS
RDBECOLIGNC02673,b4655,ythA
RDBECOLIGNC02751,b4657,yjhZ
RDBECOLIGNC04364,b4658,yghX
RDBECOLIGNC02106,b4660,yhiL
RDBECOLIGNC04039,b4661,yfcU
RDBECOLIGNC02677,b4664,ibsD
RDBECOLIGNC02678,b4665,ibsC
RDBECOLIGNC02676,b4666,ibsE
RDBECOLIGNC02680,b4667,ibsA
RDBECOLIGNC02679,b4668,ibsB
RDBECOLIGNC02752,b4672,ymiB
RDBECOLIGNC02687,b4674,ynbG
RDBECOLIGNC02689,b4675,yoaJ
RDBECOLIGNC02690,b4676,yoaK
RDBECOLIGNC02685,b4677,yobI
RDBECOLIGNC02684,b4678,yoeI
RDBECOLIGNC02693,b4679,yohP
RDBECOLIGNC02688,b4680,ypdK
RDBECOLIGNC02696,b4682,yqcG
RDBECOLIGNC02691,b4683,yqeL
RDBECOLIGNC02697,b4684,yqfG
RDBECOLIGNC02692,b4685,yrbN
RDBECOLIGNC02698,b4686,yshB
RDBECOLIGNC02753,b4688,ykgS
RDBECOLIGNC02754,b4689,rzoQ
RDBECOLIGNC02705,b4690,eyeA
RDBECOLIGNC02779,b4692,oweE
RDBECOLIGNC02780,b4693,aaaE
RDBECOLIGNC01711,b4696,yneO
RDBECOLIGNC02704,b4701,sokX
RDBECOLIGNC02716,b4703,pmrR
RDBECOLIGNC02703,b4704,arrS
RDBECOLIGNC02728,b4709,insA9
RDBECOLIGNC02727,b4710,insB9
RDBECOLIGNC02729,b4711,insH21
RDBECOLIGNC02721,b4712,agrA
RDBECOLIGNC02722,b4713,agrB
RDBECOLIGNC02723,b4714,ralA
RDBECOLIGNC02730,b4715,ytiA
RDBECOLIGNC02724,b4717,micL
RDBECOLIGNC02708,b4719,sdsN
RDBECOLIGNC02762,b4723,ymcF
RDBECOLIGNC02763,b4724,ynfQ
RDBECOLIGNC02781,b4726,yabR
RDBECOLIGNC02782,b4727,yacM
RDBECOLIGNC02783,b4728,yadW
RDBECOLIGNC02784,b4729,ykgV
RDBECOLIGNC02785,b4730,yahV
RDBECOLIGNC02786,b4731,ykiC
RDBECOLIGNC02787,b4732,ykiD
RDBECOLIGNC02788,b4733,ylcJ
RDBECOLIGNC02789,b4734,yldA
RDBECOLIGNC02790,b4735,ybgU
RDBECOLIGNC02792,b4737,ymdG
RDBECOLIGNC02793,b4738,ymgK
RDBECOLIGNC02794,b4739,ymgL
RDBECOLIGNC02795,b4740,ymgM
RDBECOLIGNC02900,b4743,ynaL
RDBECOLIGNC02798,b4744,ynaM
RDBECOLIGNC02799,b4745,yncO
RDBECOLIGNC02800,b4746,yddY
RDBECOLIGNC02801,b4747,yneP
RDBECOLIGNC02802,b4748,ynfT
RDBECOLIGNC02803,b4749,ynfR
RDBECOLIGNC02804,b4750,ynfS
RDBECOLIGNC02805,b4751,yoaL
RDBECOLIGNC02806,b4752,yecU
RDBECOLIGNC02807,b4753,yqfH
RDBECOLIGNC02808,b4754,yqfI
RDBECOLIGNC02809,b4755,yqhI
RDBECOLIGNC02810,b4756,yqiD
RDBECOLIGNC02811,b4757,ysdD
RDBECOLIGNC02726,b4759,3'ETS-<i>leuZ</i>
RDBECOLIGNC02923,b4761,sroE
RDBECOLIGNC02813,b4765,yadX
RDBECOLIGNC02814,b4766,argL
RDBECOLIGNC02815,b4767,ytiB
RDBECOLIGNC02816,b4768,ybgV
RDBECOLIGNC02817,b4769,ybiE
RDBECOLIGNC02818,b4770,yljB
RDBECOLIGNC02819,b4771,ychT
RDBECOLIGNC02820,b4772,ymiD
RDBECOLIGNC02821,b4773,ynaN
RDBECOLIGNC02822,b4774,yncP
RDBECOLIGNC02823,b4775,mgtT
RDBECOLIGNC02824,b4776,ynfU
RDBECOLIGNC02826,b4778,yecV
RDBECOLIGNC02827,b4779,yoaM
RDBECOLIGNC02828,b4780,yodE
RDBECOLIGNC02830,b4782,pssL
RDBECOLIGNC02831,b4783,yfiS
RDBECOLIGNC02832,b4784,yqgG
RDBECOLIGNC02833,b4785,yqgH
RDBECOLIGNC02834,b4786,yqhJ
RDBECOLIGNC02835,b4787,yqiM
RDBECOLIGNC02836,b4788,yhgO
RDBECOLIGNC02837,b4789,yhgP
RDBECOLIGNC02838,b4790,yhiY
RDBECOLIGNC02839,b4791,yriA
RDBECOLIGNC02840,b4792,yriB
RDBECOLIGNC02841,b4793,ysaE
RDBECOLIGNC02842,b4794,baxL
RDBECOLIGNC02843,b4795,yibX
RDBECOLIGNC02844,b4796,yibY
RDBECOLIGNC02845,b4797,yicU
RDBECOLIGNC02846,b4798,ysdE
RDBECOLIGNC02847,b4799,ysgD
RDBECOLIGNC02848,b4800,ytgA
RDBECOLIGNC02849,b4801,ykiE
RDBECOLIGNC02850,b4802,ythB
RDBECOLIGNC02897,b4806,C0293
RDBECOLIGNC02858,b4809,ispZ
RDBECOLIGNC02860,b4811,timR
RDBECOLIGNC02861,b4812,timP
RDBECOLIGNC04715,b4814,zbiJ
RDBECOLIGNC04716,b4815,ykfO
RDBECOLIGNC04717,b4816,ymgN
RDBECOLIGNC04718,b4817,ynhH
RDBECOLIGNC04719,b4818,yoeJ
RDBECOLIGNC04720,b4819,ypeD
RDBECOLIGNC04721,b4820,yrfJ
RDBECOLIGNC04725,b4821,ytcB
RDBECOLIGNC04722,b4822,ytgB
RDBECOLIGNC04723,b4823,ytiE
RDBECOLIGNC04724,b4824,ytjE
RDBECOLIGNC04726,b4825,aspX
RDBECOLIGNC04727,b4826,flgO
RDBECOLIGNC04731,b4830,aceK-int
RDBECOLIGNC04732,b4831,allZ
RDBECOLIGNC04733,b4832,bhsB
RDBECOLIGNC04734,b4833,kilS
RDBECOLIGNC04735,b4834,xylZ
RDBECOLIGNC04736,b4835,sokE
RDBECOLIGNC04741,b4839,asflhD
RDBECOLIGNC04742,b4840,stfZ
RDBECOLIGNC04743,b4841,ascrp
RDBECOLIGNC04744,b4842,asompR
RDBECOLIGNC04745,b4843,asphoP
RDBECOLIGNC04746,b4844,ameF
RDBECOLIGNC04747,b4845,xtpA
RDBECOLIGNC04748,b4846,yrdG
RDBECOLIGNC02715,,G0-10706
RDBECOLIGNC02918,,alaB
RDBECOLIGNC02955,,dgd
RDBECOLIGNC02621,,insAB1
RDBECOLIGNC02623,,insAB2
RDBECOLIGNC02624,,insAB3
RDBECOLIGNC02622,,insAB4
RDBECOLIGNC02625,,insAB5
RDBECOLIGNC02626,,insAB6
RDBECOLIGNC02627,,insCD1
RDBECOLIGNC02628,,insCD2
RDBECOLIGNC02629,,insCD3
RDBECOLIGNC02630,,insCD4
RDBECOLIGNC02631,,insCD5
RDBECOLIGNC02632,,insCD6
RDBECOLIGNC02616,,insEF1
RDBECOLIGNC02618,,insEF2
RDBECOLIGNC02619,,insEF3
RDBECOLIGNC02620,,insEF4
RDBECOLIGNC02617,,insEF5
RDBECOLIGNC02675,,insJK
RDBECOLIGNC02855,,ipeX
RDBECOLIGNC02766,,naRNA1
RDBECOLIGNC02767,,naRNA2
RDBECOLIGNC02768,,naRNA3
RDBECOLIGNC02769,,naRNA4
RDBECOLIGNC02770,,naRNA5
RDBECOLIGNC02771,,naRNA6
RDBECOLIGNC02720,,nc1
RDBECOLIGNC02710,,och5
RDBECOLIGNC02852,,orzP
RDBECOLIGNC02725,,ryeG
RDBECOLIGNC02865,,sraA
